ParentEntityTypeOfAccount,User,DomainID,DatabaseID,Host,Password,Description,IsManaged,SshKeyId,CaseSensitiveCheck,UseWheel
Domain,a1,bb9700df-f99a-4011-969d-e4c5e8cea81a,,,password1,Test,FALSE,,,FALSE
Domain,b2,bb9700df-f99a-4011-969d-e4c5e8cea81a,,,password1,,,,,
Domain,c3,bb9700df-f99a-4011-969d-e4c5e8cea81a,,,password1,,,,,
Database,d4,,2b86bee6-7cff-4db7-9588-36c2149ad339,,password1,,,,,
Database,e5,,2b86bee6-7cff-4db7-9588-36c2149ad339,,password1,,,,,
Database,f6,,2b86bee6-7cff-4db7-9588-36c2149ad339,,password1,,,,,
Database,g7,,2b86bee6-7cff-4db7-9588-36c2149ad339,,password1,,,,,
Domain,h8,,,80323851-9537-41b4-80a2-437b97591ee3,password1,,,,,
Domain,i9,,,80323851-9537-41b4-80a2-437b97591ee3,password1,,,,,
Domain,j10,,,80323851-9537-41b4-80a2-437b97591ee3,password1,,,,,
Domain,1,bb9700df-f99a-4011-969d-e4c5e8cea81a,,,password1,,,,,
Domain,2,bb9700df-f99a-4011-969d-e4c5e8cea81a,,,password1,,,,,
Domain,3,bb9700df-f99a-4011-969d-e4c5e8cea81a,,,password1,,,,,
Domain,4,bb9700df-f99a-4011-969d-e4c5e8cea81a,,,password1,,,,,
Domain,5,bb9700df-f99a-4011-969d-e4c5e8cea81a,,,password1,,,,,
Domain,6,bb9700df-f99a-4011-969d-e4c5e8cea81a,,,password1,,,,,
Domain,7,bb9700df-f99a-4011-969d-e4c5e8cea81a,,,password1,,,,,
Domain,8,bb9700df-f99a-4011-969d-e4c5e8cea81a,,,password1,,,,,
Domain,9,bb9700df-f99a-4011-969d-e4c5e8cea81a,,,password1,,,,,
Database,10,,2b86bee6-7cff-4db7-9588-36c2149ad339,,password1,,,,,
Database,11,,2b86bee6-7cff-4db7-9588-36c2149ad339,,password1,,,,,
Database,12,,2b86bee6-7cff-4db7-9588-36c2149ad339,,password1,,,,,
Database,13,,2b86bee6-7cff-4db7-9588-36c2149ad339,,password1,,,,,
Database,14,,2b86bee6-7cff-4db7-9588-36c2149ad339,,password1,,,,,
Database,15,,2b86bee6-7cff-4db7-9588-36c2149ad339,,password1,,,,,
Database,16,,2b86bee6-7cff-4db7-9588-36c2149ad339,,password1,,,,,
Database,17,,2b86bee6-7cff-4db7-9588-36c2149ad339,,password1,,,,,
Database,18,,2b86bee6-7cff-4db7-9588-36c2149ad339,,password1,,,,,
Database,19,,2b86bee6-7cff-4db7-9588-36c2149ad339,,password1,,,,,
Database,20,,2b86bee6-7cff-4db7-9588-36c2149ad339,,password1,,,,,
Database,21,,2b86bee6-7cff-4db7-9588-36c2149ad339,,password1,,,,,
Database,22,,2b86bee6-7cff-4db7-9588-36c2149ad339,,password1,,,,,
Database,23,,2b86bee6-7cff-4db7-9588-36c2149ad339,,password1,,,,,
Host,24,,,80323851-9537-41b4-80a2-437b97591ee3,password1,,,,,
Host,25,,,80323851-9537-41b4-80a2-437b97591ee3,password1,,,,,
Host,26,,,80323851-9537-41b4-80a2-437b97591ee3,password1,,,,,
Host,27,,,80323851-9537-41b4-80a2-437b97591ee3,password1,,,,,
Host,28,,,80323851-9537-41b4-80a2-437b97591ee3,password1,,,,,
Host,29,,,80323851-9537-41b4-80a2-437b97591ee3,password1,,,,,
Host,30,,,80323851-9537-41b4-80a2-437b97591ee3,password1,,,,,
Host,31,,,80323851-9537-41b4-80a2-437b97591ee3,password1,,,,,
Host,32,,,80323851-9537-41b4-80a2-437b97591ee3,password1,,,,,
Host,33,,,80323851-9537-41b4-80a2-437b97591ee3,password1,,,,,
Host,34,,,80323851-9537-41b4-80a2-437b97591ee3,password1,,,,,
Host,35,,,80323851-9537-41b4-80a2-437b97591ee3,password1,,,,,
Host,36,,,80323851-9537-41b4-80a2-437b97591ee3,password1,,,,,
Host,37,,,80323851-9537-41b4-80a2-437b97591ee3,password1,,,,,
Host,38,,,80323851-9537-41b4-80a2-437b97591ee3,password1,,,,,
Host,39,,,80323851-9537-41b4-80a2-437b97591ee3,password1,,,,,
Host,40,,,80323851-9537-41b4-80a2-437b97591ee3,password1,,,,,
Host,41,,,80323851-9537-41b4-80a2-437b97591ee3,password1,,,,,
Domain,42,bb9700df-f99a-4011-969d-e4c5e8cea81a,,,password1,,,,,
Domain,43,bb9700df-f99a-4011-969d-e4c5e8cea81a,,,password1,,,,,
Domain,44,bb9700df-f99a-4011-969d-e4c5e8cea81a,,,password1,,,,,
Domain,45,bb9700df-f99a-4011-969d-e4c5e8cea81a,,,password1,,,,,
Domain,46,bb9700df-f99a-4011-969d-e4c5e8cea81a,,,password1,,,,,
Domain,47,bb9700df-f99a-4011-969d-e4c5e8cea81a,,,password1,,,,,
Domain,48,bb9700df-f99a-4011-969d-e4c5e8cea81a,,,password1,,,,,
Domain,49,bb9700df-f99a-4011-969d-e4c5e8cea81a,,,password1,,,,,
Domain,50,bb9700df-f99a-4011-969d-e4c5e8cea81a,,,password1,,,,,
Domain,51,bb9700df-f99a-4011-969d-e4c5e8cea81a,,,password1,,,,,
Domain,52,bb9700df-f99a-4011-969d-e4c5e8cea81a,,,password1,,,,,
Domain,53,bb9700df-f99a-4011-969d-e4c5e8cea81a,,,password1,,,,,
Domain,54,bb9700df-f99a-4011-969d-e4c5e8cea81a,,,password1,,,,,
Domain,55,bb9700df-f99a-4011-969d-e4c5e8cea81a,,,password1,,,,,
Domain,56,bb9700df-f99a-4011-969d-e4c5e8cea81a,,,password1,,,,,
Domain,57,bb9700df-f99a-4011-969d-e4c5e8cea81a,,,password1,,,,,
Domain,58,bb9700df-f99a-4011-969d-e4c5e8cea81a,,,password1,,,,,
Domain,59,bb9700df-f99a-4011-969d-e4c5e8cea81a,,,password1,,,,,
Domain,60,bb9700df-f99a-4011-969d-e4c5e8cea81a,,,password1,,,,,
Domain,61,bb9700df-f99a-4011-969d-e4c5e8cea81a,,,password1,,,,,
Domain,62,bb9700df-f99a-4011-969d-e4c5e8cea81a,,,password1,,,,,
Domain,63,bb9700df-f99a-4011-969d-e4c5e8cea81a,,,password1,,,,,
Database,64,,2b86bee6-7cff-4db7-9588-36c2149ad339,,password1,,,,,
Database,65,,2b86bee6-7cff-4db7-9588-36c2149ad339,,password1,,,,,
Database,66,,2b86bee6-7cff-4db7-9588-36c2149ad339,,password1,,,,,
Database,67,,2b86bee6-7cff-4db7-9588-36c2149ad339,,password1,,,,,
Database,68,,2b86bee6-7cff-4db7-9588-36c2149ad339,,password1,,,,,
Database,69,,2b86bee6-7cff-4db7-9588-36c2149ad339,,password1,,,,,
Database,70,,2b86bee6-7cff-4db7-9588-36c2149ad339,,password1,,,,,
Database,71,,2b86bee6-7cff-4db7-9588-36c2149ad339,,password1,,,,,
Database,72,,2b86bee6-7cff-4db7-9588-36c2149ad339,,password1,,,,,
Database,73,,2b86bee6-7cff-4db7-9588-36c2149ad339,,password1,,,,,
Database,74,,2b86bee6-7cff-4db7-9588-36c2149ad339,,password1,,,,,
Database,75,,2b86bee6-7cff-4db7-9588-36c2149ad339,,password1,,,,,
Database,76,,2b86bee6-7cff-4db7-9588-36c2149ad339,,password1,,,,,
Database,77,,2b86bee6-7cff-4db7-9588-36c2149ad339,,password1,,,,,
Database,78,,2b86bee6-7cff-4db7-9588-36c2149ad339,,password1,,,,,
Host,79,,,80323851-9537-41b4-80a2-437b97591ee3,password1,,,,,
Host,80,,,80323851-9537-41b4-80a2-437b97591ee3,password1,,,,,
Host,81,,,80323851-9537-41b4-80a2-437b97591ee3,password1,,,,,
Host,82,,,80323851-9537-41b4-80a2-437b97591ee3,password1,,,,,
Host,83,,,80323851-9537-41b4-80a2-437b97591ee3,password1,,,,,
Host,84,,,80323851-9537-41b4-80a2-437b97591ee3,password1,,,,,
Host,85,,,80323851-9537-41b4-80a2-437b97591ee3,password1,,,,,
Host,86,,,80323851-9537-41b4-80a2-437b97591ee3,password1,,,,,
Host,87,,,80323851-9537-41b4-80a2-437b97591ee3,password1,,,,,
Host,88,,,80323851-9537-41b4-80a2-437b97591ee3,password1,,,,,
Host,89,,,80323851-9537-41b4-80a2-437b97591ee3,password1,,,,,
Host,90,,,80323851-9537-41b4-80a2-437b97591ee3,password1,,,,,
Host,91,,,80323851-9537-41b4-80a2-437b97591ee3,password1,,,,,
Host,92,,,80323851-9537-41b4-80a2-437b97591ee3,password1,,,,,
Host,93,,,80323851-9537-41b4-80a2-437b97591ee3,password1,,,,,
Host,94,,,80323851-9537-41b4-80a2-437b97591ee3,password1,,,,,
Host,95,,,80323851-9537-41b4-80a2-437b97591ee3,password1,,,,,
Host,96,,,80323851-9537-41b4-80a2-437b97591ee3,password1,,,,,
Host,97,,,80323851-9537-41b4-80a2-437b97591ee3,password1,,,,,
Host,98,,,80323851-9537-41b4-80a2-437b97591ee3,password1,,,,,
Host,99,,,80323851-9537-41b4-80a2-437b97591ee3,password1,,,,,
Host,100,,,80323851-9537-41b4-80a2-437b97591ee3,password1,,,,,
Host,101,,,80323851-9537-41b4-80a2-437b97591ee3,password1,,,,,
Host,102,,,80323851-9537-41b4-80a2-437b97591ee3,password1,,,,,
Host,103,,,80323851-9537-41b4-80a2-437b97591ee3,password1,,,,,
Host,104,,,80323851-9537-41b4-80a2-437b97591ee3,password1,,,,,
Host,105,,,80323851-9537-41b4-80a2-437b97591ee3,password1,,,,,
Host,106,,,80323851-9537-41b4-80a2-437b97591ee3,password1,,,,,
Host,107,,,80323851-9537-41b4-80a2-437b97591ee3,password1,,,,,
Database,108,,2b86bee6-7cff-4db7-9588-36c2149ad339,,password1,,,,,
Database,109,,2b86bee6-7cff-4db7-9588-36c2149ad339,,password1,,,,,
Database,110,,2b86bee6-7cff-4db7-9588-36c2149ad339,,password1,,,,,
Database,111,,2b86bee6-7cff-4db7-9588-36c2149ad339,,password1,,,,,
Database,112,,2b86bee6-7cff-4db7-9588-36c2149ad339,,password1,,,,,
Database,113,,2b86bee6-7cff-4db7-9588-36c2149ad339,,password1,,,,,
Database,114,,2b86bee6-7cff-4db7-9588-36c2149ad339,,password1,,,,,
Domain,115,bb9700df-f99a-4011-969d-e4c5e8cea81a,,,password1,,,,,
Domain,116,bb9700df-f99a-4011-969d-e4c5e8cea81a,,,password1,,,,,
Domain,117,bb9700df-f99a-4011-969d-e4c5e8cea81a,,,password1,,,,,
Domain,118,bb9700df-f99a-4011-969d-e4c5e8cea81a,,,password1,,,,,
Domain,119,bb9700df-f99a-4011-969d-e4c5e8cea81a,,,password1,,,,,
Domain,120,bb9700df-f99a-4011-969d-e4c5e8cea81a,,,password1,,,,,
Domain,121,bb9700df-f99a-4011-969d-e4c5e8cea81a,,,password1,,,,,
Domain,123,bb9700df-f99a-4011-969d-e4c5e8cea81a,,,password1,,,,,
